{"loss": [0.005874002818018198, 0.004451071843504906, 0.004363431129604578, 0.00416951347142458, 0.004023870453238487, 0.0040240660309791565, 0.0039370362646877766, 0.003877354320138693, 0.004152190871536732, 0.004167273174971342, 0.004144805017858744, 0.0042815376073122025, 0.00439754081889987, 0.0044268337078392506], "mae": [0.08680280297994614, 0.07523129135370255, 0.07443375885486603, 0.07280775904655457, 0.07162024825811386, 0.07156127691268921, 0.07079526036977768, 0.07029075175523758, 0.07262430340051651, 0.07265068590641022, 0.07251370698213577, 0.07351312041282654, 0.07465097308158875, 0.07485108822584152], "val_loss": [0.003618324641138315, 0.003245859406888485, 0.0033956323750317097, 0.0036984675098210573, 0.0034327716566622257, 0.0035896520130336285, 0.00368945742957294, 0.0037777728866785765, 0.0047385417856276035, 0.005169122014194727, 0.00542663736268878, 0.005623542703688145, 0.005873309914022684, 0.006266856100410223], "val_mae": [0.06772202253341675, 0.06391864269971848, 0.0654037594795227, 0.06845440715551376, 0.06593052297830582, 0.06740812212228775, 0.06832093745470047, 0.06906154006719589, 0.0763203427195549, 0.07933584600687027, 0.08105288445949554, 0.08166776597499847, 0.08401419222354889, 0.08582480996847153], "learning_rate": [0.0010000000474974513, 0.0010000000474974513, 0.0010000000474974513, 0.0010000000474974513, 0.0010000000474974513, 0.0010000000474974513, 0.0010000000474974513, 0.0010000000474974513, 0.0005000000237487257, 0.0005000000237487257, 0.0005000000237487257, 0.0005000000237487257, 0.0005000000237487257, 0.0005000000237487257]}